Step,DiscLoss,DiscAcc,GANLoss,GANAcc
0,1.594117,0.890625,1.729625,0.601562
1,1.020218,0.998047,1.725125,0.601562
