Step,RealDiscLoss,RealDiscAcc,GenDiscLoss,GenDiscAcc,GANLoss,GANAcc
1,0.081695,1.000000,0.735193,0.289062,0.684696,0.582031
2,0.126164,1.000000,0.591264,0.937500,0.853808,0.035156
